package	symbol	kind	crate	phase	direct-expansion	notes
COMMON-LISP	*	variable+function	ncl-lib-numbers	1	yes	numeric tower or numeric type
COMMON-LISP	*RANDOM-STATE*	variable	ncl-lib-numbers	1	no	reclassified by subsystem ownership rule
COMMON-LISP	+	variable+function	ncl-lib-numbers	1	yes	numeric tower or numeric type
COMMON-LISP	-	variable+function	ncl-lib-numbers	1	yes	numeric tower or numeric type
COMMON-LISP	/	variable+function	ncl-lib-numbers	1	yes	numeric tower or numeric type
COMMON-LISP	/=	function	ncl-lib-numbers	1	yes	reclassified by subsystem ownership rule
COMMON-LISP	1+	function	ncl-lib-numbers	1	yes	numeric tower or numeric type
COMMON-LISP	1-	function	ncl-lib-numbers	1	yes	numeric tower or numeric type
COMMON-LISP	<	function	ncl-lib-numbers	1	yes	reclassified by subsystem ownership rule
COMMON-LISP	<=	function	ncl-lib-numbers	1	yes	reclassified by subsystem ownership rule
COMMON-LISP	=	function	ncl-lib-numbers	1	yes	reclassified by subsystem ownership rule
COMMON-LISP	>	function	ncl-lib-numbers	1	yes	reclassified by subsystem ownership rule
COMMON-LISP	>=	function	ncl-lib-numbers	1	yes	reclassified by subsystem ownership rule
COMMON-LISP	ABS	function	ncl-lib-numbers	1	no	numeric tower or numeric type
COMMON-LISP	ACOS	function	ncl-lib-numbers	1	no	numeric tower or numeric type
COMMON-LISP	ACOSH	function	ncl-lib-numbers	1	no	numeric tower or numeric type
COMMON-LISP	ASH	function	ncl-lib-numbers	1	yes	reclassified by subsystem ownership rule
COMMON-LISP	ASIN	function	ncl-lib-numbers	1	no	numeric tower or numeric type
COMMON-LISP	ASINH	function	ncl-lib-numbers	1	no	numeric tower or numeric type
COMMON-LISP	ATAN	function	ncl-lib-numbers	1	no	numeric tower or numeric type
COMMON-LISP	ATANH	function	ncl-lib-numbers	1	no	numeric tower or numeric type
COMMON-LISP	BOOLE	function	ncl-lib-numbers	1	no	numeric tower or numeric type
COMMON-LISP	BOOLE-1	constant	ncl-lib-numbers	1	no	numeric tower or numeric type
COMMON-LISP	BOOLE-2	constant	ncl-lib-numbers	1	no	numeric tower or numeric type
COMMON-LISP	BOOLE-AND	constant	ncl-lib-numbers	1	no	numeric tower or numeric type
COMMON-LISP	BOOLE-ANDC1	constant	ncl-lib-numbers	1	no	reclassified by subsystem ownership rule
COMMON-LISP	BOOLE-ANDC2	constant	ncl-lib-numbers	1	no	reclassified by subsystem ownership rule
COMMON-LISP	BOOLE-C1	constant	ncl-lib-numbers	1	no	numeric tower or numeric type
COMMON-LISP	BOOLE-C2	constant	ncl-lib-numbers	1	no	numeric tower or numeric type
COMMON-LISP	BOOLE-CLR	constant	ncl-lib-numbers	1	no	reclassified by subsystem ownership rule
COMMON-LISP	BOOLE-EQV	constant	ncl-lib-numbers	1	no	numeric tower or numeric type
COMMON-LISP	BOOLE-IOR	constant	ncl-lib-numbers	1	no	numeric tower or numeric type
COMMON-LISP	BOOLE-NAND	constant	ncl-lib-numbers	1	no	numeric tower or numeric type
COMMON-LISP	BOOLE-NOR	constant	ncl-lib-numbers	1	no	numeric tower or numeric type
COMMON-LISP	BOOLE-ORC1	constant	ncl-lib-numbers	1	no	numeric tower or numeric type
COMMON-LISP	BOOLE-ORC2	constant	ncl-lib-numbers	1	no	numeric tower or numeric type
COMMON-LISP	BOOLE-SET	constant	ncl-lib-numbers	1	no	numeric tower or numeric type
COMMON-LISP	BOOLE-XOR	constant	ncl-lib-numbers	1	no	numeric tower or numeric type
COMMON-LISP	BYTE	function	ncl-lib-numbers	1	no	numeric tower or numeric type
COMMON-LISP	BYTE-POSITION	function	ncl-lib-numbers	1	no	numeric tower or numeric type
COMMON-LISP	BYTE-SIZE	function	ncl-lib-numbers	1	no	numeric tower or numeric type
COMMON-LISP	CEILING	function	ncl-lib-numbers	1	no	numeric tower or numeric type
COMMON-LISP	CIS	function	ncl-lib-numbers	1	no	numeric tower or numeric type
COMMON-LISP	COMPLEX	class+function	ncl-lib-numbers	1	no	numeric tower or numeric type
COMMON-LISP	COMPLEXP	function	ncl-lib-numbers	1	no	reclassified by subsystem ownership rule
COMMON-LISP	CONJUGATE	function	ncl-lib-numbers	1	no	numeric tower or numeric type
COMMON-LISP	COS	function	ncl-lib-numbers	1	no	numeric tower or numeric type
COMMON-LISP	COSH	function	ncl-lib-numbers	1	no	numeric tower or numeric type
COMMON-LISP	DECODE-FLOAT	function	ncl-lib-numbers	1	no	numeric tower or numeric type
COMMON-LISP	DENOMINATOR	function	ncl-lib-numbers	1	no	numeric tower or numeric type
COMMON-LISP	DEPOSIT-FIELD	function	ncl-lib-numbers	1	no	numeric tower or numeric type
COMMON-LISP	DOUBLE-FLOAT-EPSILON	constant	ncl-lib-numbers	1	no	numeric tower or numeric type
COMMON-LISP	DOUBLE-FLOAT-NEGATIVE-EPSILON	constant	ncl-lib-numbers	1	no	numeric tower or numeric type
COMMON-LISP	DPB	function	ncl-lib-numbers	1	yes	numeric tower or numeric type
COMMON-LISP	EQ	function	ncl-lib-numbers	1	yes	reclassified by subsystem ownership rule
COMMON-LISP	EQL	function	ncl-lib-numbers	1	yes	reclassified by subsystem ownership rule
COMMON-LISP	EVENP	function	ncl-lib-numbers	1	no	reclassified by subsystem ownership rule
COMMON-LISP	EXP	function	ncl-lib-numbers	1	no	numeric tower or numeric type
COMMON-LISP	EXPT	function	ncl-lib-numbers	1	no	numeric tower or numeric type
COMMON-LISP	FCEILING	function	ncl-lib-numbers	1	no	reclassified by subsystem ownership rule
COMMON-LISP	FFLOOR	function	ncl-lib-numbers	1	no	reclassified by subsystem ownership rule
COMMON-LISP	FLOAT	class+function	ncl-lib-numbers	1	no	numeric tower or numeric type
COMMON-LISP	FLOAT-DIGITS	function	ncl-lib-numbers	1	no	numeric tower or numeric type
COMMON-LISP	FLOAT-PRECISION	function	ncl-lib-numbers	1	no	numeric tower or numeric type
COMMON-LISP	FLOAT-RADIX	function	ncl-lib-numbers	1	no	numeric tower or numeric type
COMMON-LISP	FLOAT-SIGN	function	ncl-lib-numbers	1	no	numeric tower or numeric type
COMMON-LISP	FLOATP	function	ncl-lib-numbers	1	no	numeric tower or numeric type
COMMON-LISP	FLOOR	function	ncl-lib-numbers	1	no	numeric tower or numeric type
COMMON-LISP	FROUND	function	ncl-lib-numbers	1	no	numeric tower or numeric type
COMMON-LISP	FTRUNCATE	function	ncl-lib-numbers	1	no	reclassified by subsystem ownership rule
COMMON-LISP	GCD	function	ncl-lib-numbers	1	no	numeric tower or numeric type
COMMON-LISP	IMAGPART	function	ncl-lib-numbers	1	no	numeric tower or numeric type
COMMON-LISP	INTEGER-DECODE-FLOAT	function	ncl-lib-numbers	1	no	numeric tower or numeric type
COMMON-LISP	INTEGER-LENGTH	function	ncl-lib-numbers	1	no	numeric tower or numeric type
COMMON-LISP	INTEGERP	function	ncl-lib-numbers	1	no	numeric tower or numeric type
COMMON-LISP	ISQRT	function	ncl-lib-numbers	1	no	numeric tower or numeric type
COMMON-LISP	LCM	function	ncl-lib-numbers	1	no	reclassified by subsystem ownership rule
COMMON-LISP	LDB	function	ncl-lib-numbers	1	yes	numeric tower or numeric type
COMMON-LISP	LDB-TEST	function	ncl-lib-numbers	1	no	numeric tower or numeric type
COMMON-LISP	LEAST-NEGATIVE-DOUBLE-FLOAT	constant	ncl-lib-numbers	1	no	numeric tower or numeric type
COMMON-LISP	LEAST-NEGATIVE-LONG-FLOAT	constant	ncl-lib-numbers	1	no	numeric tower or numeric type
COMMON-LISP	LEAST-NEGATIVE-NORMALIZED-DOUBLE-FLOAT	constant	ncl-lib-numbers	1	no	numeric tower or numeric type
COMMON-LISP	LEAST-NEGATIVE-NORMALIZED-LONG-FLOAT	constant	ncl-lib-numbers	1	no	numeric tower or numeric type
COMMON-LISP	LEAST-NEGATIVE-NORMALIZED-SHORT-FLOAT	constant	ncl-lib-numbers	1	no	numeric tower or numeric type
COMMON-LISP	LEAST-NEGATIVE-NORMALIZED-SINGLE-FLOAT	constant	ncl-lib-numbers	1	no	numeric tower or numeric type
COMMON-LISP	LEAST-NEGATIVE-SHORT-FLOAT	constant	ncl-lib-numbers	1	no	numeric tower or numeric type
COMMON-LISP	LEAST-NEGATIVE-SINGLE-FLOAT	constant	ncl-lib-numbers	1	no	numeric tower or numeric type
COMMON-LISP	LEAST-POSITIVE-DOUBLE-FLOAT	constant	ncl-lib-numbers	1	no	numeric tower or numeric type
COMMON-LISP	LEAST-POSITIVE-LONG-FLOAT	constant	ncl-lib-numbers	1	no	numeric tower or numeric type
COMMON-LISP	LEAST-POSITIVE-NORMALIZED-DOUBLE-FLOAT	constant	ncl-lib-numbers	1	no	numeric tower or numeric type
COMMON-LISP	LEAST-POSITIVE-NORMALIZED-LONG-FLOAT	constant	ncl-lib-numbers	1	no	numeric tower or numeric type
COMMON-LISP	LEAST-POSITIVE-NORMALIZED-SHORT-FLOAT	constant	ncl-lib-numbers	1	no	numeric tower or numeric type
COMMON-LISP	LEAST-POSITIVE-NORMALIZED-SINGLE-FLOAT	constant	ncl-lib-numbers	1	no	numeric tower or numeric type
COMMON-LISP	LEAST-POSITIVE-SHORT-FLOAT	constant	ncl-lib-numbers	1	no	numeric tower or numeric type
COMMON-LISP	LEAST-POSITIVE-SINGLE-FLOAT	constant	ncl-lib-numbers	1	no	numeric tower or numeric type
COMMON-LISP	LOG	function	ncl-lib-numbers	1	no	numeric tower or numeric type
COMMON-LISP	LOGAND	function	ncl-lib-numbers	1	yes	numeric tower or numeric type
COMMON-LISP	LOGANDC1	function	ncl-lib-numbers	1	no	numeric tower or numeric type
COMMON-LISP	LOGANDC2	function	ncl-lib-numbers	1	no	numeric tower or numeric type
COMMON-LISP	LOGBITP	function	ncl-lib-numbers	1	no	reclassified by subsystem ownership rule
COMMON-LISP	LOGCOUNT	function	ncl-lib-numbers	1	no	numeric tower or numeric type
COMMON-LISP	LOGEQV	function	ncl-lib-numbers	1	yes	reclassified by subsystem ownership rule
COMMON-LISP	LOGIOR	function	ncl-lib-numbers	1	yes	numeric tower or numeric type
COMMON-LISP	LOGNAND	function	ncl-lib-numbers	1	no	reclassified by subsystem ownership rule
COMMON-LISP	LOGNOR	function	ncl-lib-numbers	1	no	numeric tower or numeric type
COMMON-LISP	LOGNOT	function	ncl-lib-numbers	1	yes	numeric tower or numeric type
COMMON-LISP	LOGORC1	function	ncl-lib-numbers	1	no	numeric tower or numeric type
COMMON-LISP	LOGORC2	function	ncl-lib-numbers	1	no	numeric tower or numeric type
COMMON-LISP	LOGTEST	function	ncl-lib-numbers	1	no	numeric tower or numeric type
COMMON-LISP	LOGXOR	function	ncl-lib-numbers	1	yes	numeric tower or numeric type
COMMON-LISP	LONG-FLOAT-EPSILON	constant	ncl-lib-numbers	1	no	numeric tower or numeric type
COMMON-LISP	LONG-FLOAT-NEGATIVE-EPSILON	constant	ncl-lib-numbers	1	no	numeric tower or numeric type
COMMON-LISP	MAKE-RANDOM-STATE	function	ncl-lib-numbers	1	no	reclassified by subsystem ownership rule
COMMON-LISP	MASK-FIELD	function	ncl-lib-numbers	1	no	numeric tower or numeric type
COMMON-LISP	MAX	function	ncl-lib-numbers	1	yes	numeric tower or numeric type
COMMON-LISP	MIN	function	ncl-lib-numbers	1	yes	numeric tower or numeric type
COMMON-LISP	MINUSP	function	ncl-lib-numbers	1	no	reclassified by subsystem ownership rule
COMMON-LISP	MOD	function	ncl-lib-numbers	1	no	numeric tower or numeric type
COMMON-LISP	MOST-NEGATIVE-DOUBLE-FLOAT	constant	ncl-lib-numbers	1	no	numeric tower or numeric type
COMMON-LISP	MOST-NEGATIVE-FIXNUM	constant	ncl-lib-numbers	1	no	numeric tower or numeric type
COMMON-LISP	MOST-NEGATIVE-LONG-FLOAT	constant	ncl-lib-numbers	1	no	numeric tower or numeric type
COMMON-LISP	MOST-NEGATIVE-SHORT-FLOAT	constant	ncl-lib-numbers	1	no	numeric tower or numeric type
COMMON-LISP	MOST-NEGATIVE-SINGLE-FLOAT	constant	ncl-lib-numbers	1	no	numeric tower or numeric type
COMMON-LISP	MOST-POSITIVE-DOUBLE-FLOAT	constant	ncl-lib-numbers	1	no	numeric tower or numeric type
COMMON-LISP	MOST-POSITIVE-FIXNUM	constant	ncl-lib-numbers	1	no	numeric tower or numeric type
COMMON-LISP	MOST-POSITIVE-LONG-FLOAT	constant	ncl-lib-numbers	1	no	numeric tower or numeric type
COMMON-LISP	MOST-POSITIVE-SHORT-FLOAT	constant	ncl-lib-numbers	1	no	numeric tower or numeric type
COMMON-LISP	MOST-POSITIVE-SINGLE-FLOAT	constant	ncl-lib-numbers	1	no	numeric tower or numeric type
COMMON-LISP	NUMBERP	function	ncl-lib-numbers	1	no	numeric tower or numeric type
COMMON-LISP	NUMERATOR	function	ncl-lib-numbers	1	no	numeric tower or numeric type
COMMON-LISP	ODDP	function	ncl-lib-numbers	1	no	numeric tower or numeric type
COMMON-LISP	PHASE	function	ncl-lib-numbers	1	no	numeric tower or numeric type
COMMON-LISP	PI	constant	ncl-lib-numbers	1	no	numeric tower or numeric type
COMMON-LISP	PLUSP	function	ncl-lib-numbers	1	no	reclassified by subsystem ownership rule
COMMON-LISP	RANDOM	function	ncl-lib-numbers	1	no	numeric tower or numeric type
COMMON-LISP	RANDOM-STATE-P	function	ncl-lib-numbers	1	no	reclassified by subsystem ownership rule
COMMON-LISP	RATIONAL	class+function	ncl-lib-numbers	1	no	numeric tower or numeric type
COMMON-LISP	RATIONALIZE	function	ncl-lib-numbers	1	no	numeric tower or numeric type
COMMON-LISP	RATIONALP	function	ncl-lib-numbers	1	no	numeric tower or numeric type
COMMON-LISP	REALP	function	ncl-lib-numbers	1	no	reclassified by subsystem ownership rule
COMMON-LISP	REALPART	function	ncl-lib-numbers	1	no	numeric tower or numeric type
COMMON-LISP	REM	function	ncl-lib-numbers	1	no	reclassified by subsystem ownership rule
COMMON-LISP	ROUND	function	ncl-lib-numbers	1	no	numeric tower or numeric type
COMMON-LISP	SCALE-FLOAT	function	ncl-lib-numbers	1	no	numeric tower or numeric type
COMMON-LISP	SHORT-FLOAT-EPSILON	constant	ncl-lib-numbers	1	no	numeric tower or numeric type
COMMON-LISP	SHORT-FLOAT-NEGATIVE-EPSILON	constant	ncl-lib-numbers	1	no	numeric tower or numeric type
COMMON-LISP	SIGNUM	function	ncl-lib-numbers	1	no	numeric tower or numeric type
COMMON-LISP	SIN	function	ncl-lib-numbers	1	no	numeric tower or numeric type
COMMON-LISP	SINGLE-FLOAT-EPSILON	constant	ncl-lib-numbers	1	no	numeric tower or numeric type
COMMON-LISP	SINGLE-FLOAT-NEGATIVE-EPSILON	constant	ncl-lib-numbers	1	no	numeric tower or numeric type
COMMON-LISP	SINH	function	ncl-lib-numbers	1	no	numeric tower or numeric type
COMMON-LISP	SQRT	function	ncl-lib-numbers	1	no	numeric tower or numeric type
COMMON-LISP	TAN	function	ncl-lib-numbers	1	no	numeric tower or numeric type
COMMON-LISP	TANH	function	ncl-lib-numbers	1	no	numeric tower or numeric type
COMMON-LISP	TRUNCATE	function	ncl-lib-numbers	1	no	numeric tower or numeric type
COMMON-LISP	ZEROP	function	ncl-lib-numbers	1	no	reclassified by subsystem ownership rule
